stage,crop,epoch,lr,val_L1,val_PSNR,val_SSIM,val_MS_SSIM,val_LPIPS,time_sec
1,256,1,0.0003,0.11038997148474057,17.90677324930827,0.8667803580995868,0.9081752055783153,0.23115274061759314,31.709866046905518
1,256,2,0.0003,0.08996117115020752,19.777191480000813,0.8751511091726201,0.9049691574812541,0.19797117759784064,18.874414920806885
1,256,3,0.0003,0.08642115195592244,20.036970138549805,0.8808268570590968,0.9066931026477872,0.19454772273699442,20.059773445129395
1,256,4,0.0003,0.08470925067861874,20.231186548868816,0.8818315390002215,0.9079030644873852,0.1884871870279312,19.537814378738403
1,256,5,0.0003,0.08424132441480954,20.281017303466797,0.8786242512557453,0.9041057315476547,0.18571755041678747,21.063868284225464
1,256,6,0.0003,0.08395598580439885,20.31933879852295,0.8792169202633566,0.9057180248465023,0.1859347422917684,21.516789436340332
1,256,7,0.0003,0.08337288349866867,20.433520317077637,0.878843456057994,0.905657650566659,0.17995189130306244,21.597269773483276
1,256,8,0.0003,0.08335450415809949,20.494399388631184,0.8769106912353227,0.9046294636249815,0.17599104344844818,21.56819987297058
1,256,9,0.0003,0.08307737857103348,20.50405788421631,0.8774479918946895,0.906909509235812,0.17623270799716315,20.229531288146973
1,256,10,0.0003,0.08467585469285648,20.338738123575848,0.875508005540573,0.9016029999242697,0.17643248289823532,20.202636241912842
1,256,11,0.0003,0.08367336044708888,20.438778241475422,0.8763046099939903,0.9032906344401753,0.1759720022479693,19.95869779586792
1,256,12,0.0003,0.08440109342336655,20.276942253112793,0.8759398727396132,0.9030005060732803,0.1789014240105947,21.91722273826599
1,256,13,0.0003,0.0850023441016674,20.298595746358234,0.8730277943395404,0.9003025928279759,0.17522395650545755,20.139052867889404
1,256,14,0.0003,0.08381373062729836,20.39372444152832,0.8765968352888632,0.903925736131226,0.17432977507511774,20.82053565979004
1,256,15,0.0003,0.08379378169775009,20.44676621754964,0.8748195069135049,0.9024781027068062,0.17389974494775137,26.227920532226562
1,256,16,0.0003,0.08331215629975001,20.5102637608846,0.8764992127527296,0.9034911938910785,0.1698131151497364,23.795902729034424
1,256,17,0.0003,0.08316231146454811,20.507313410441082,0.8768418162133697,0.9047530330535873,0.16873252019286156,19.955510139465332
1,256,18,0.0003,0.08214709411064784,20.61715825398763,0.879586940585972,0.9068673002535809,0.16897315035263696,18.85995578765869
1,256,19,0.0003,0.08255424598852794,20.56112766265869,0.8806168156229583,0.9074736548158567,0.1692099596063296,20.461517333984375
1,256,20,0.0003,0.08344116806983948,20.49571132659912,0.8755679486222819,0.9039484536704299,0.1688291331132253,21.72193741798401
1,256,21,0.0003,0.08416091154019038,20.38090991973877,0.8749226027540994,0.9010617005874776,0.17195908352732658,19.328710317611694
1,256,22,0.0003,0.08232651526729266,20.597158749898274,0.8789044939296861,0.9068353574200628,0.16694988558689752,20.29611849784851
1,256,23,0.0003,0.0833228441576163,20.469209671020508,0.8770190645248038,0.9040642137706186,0.16995559881130853,19.38336968421936
1,256,24,0.0003,0.08200282727678616,20.627673784891766,0.878934890904666,0.9071269753748226,0.16960297897458076,19.29943084716797
1,256,25,0.0003,0.08240051940083504,20.571179072062176,0.8803247850344832,0.9067609724773428,0.16650905956824621,19.8004732131958
1,256,26,0.0003,0.08288004870216052,20.535169283548992,0.87706183746582,0.9045102400159326,0.16879010448853174,19.782147884368896
1,256,27,0.0003,0.08185760180155437,20.68882433573405,0.8798413892545204,0.9088245714525053,0.167204017440478,19.24096965789795
1,256,28,0.0003,0.08277871335546176,20.598445256551106,0.8813528568570149,0.9080075987513542,0.16495629275838533,21.705116987228394
1,256,29,0.0003,0.08153866231441498,20.704223950703938,0.8811347883704218,0.907627712155456,0.16441621631383896,19.058364868164062
1,256,30,0.0003,0.08133303001523018,20.72589683532715,0.8806134668617894,0.9087629705613208,0.16472095251083374,19.52022910118103
1,256,31,0.0003,0.08062694718440373,20.78036085764567,0.8853282056230817,0.9132832547771407,0.16175318136811256,20.024505853652954
1,256,32,0.0003,0.08175162971019745,20.60117181142171,0.8802884811550086,0.9080319180505595,0.16656948501865068,20.54938292503357
1,256,33,0.0003,0.08144830291469891,20.723770141601562,0.8803953678703434,0.9102768897224908,0.162393848101298,22.299979209899902
1,256,34,0.0003,0.08012597883741061,20.79404067993164,0.8883735548655203,0.914756099252889,0.16086225459973016,20.488444089889526
1,256,35,0.0003,0.08049483224749565,20.741573333740234,0.8871353261276514,0.9130711433418469,0.16200445964932442,24.44079351425171
1,256,36,0.0003,0.08076174060503642,20.79252020517985,0.8844300616098972,0.9118843063387,0.16230690851807594,19.995524883270264
1,256,37,0.0003,0.0794929750263691,20.88626543680827,0.885801184630235,0.9138817635609668,0.16139189153909683,35.909138917922974
1,256,38,0.0003,0.07979542016983032,20.840460777282715,0.8875178011244779,0.9142762130336926,0.1589532122015953,20.830947637557983
1,256,39,0.0003,0.08080681785941124,20.735797882080078,0.8838451156348568,0.9124936753486868,0.1632662924627463,35.710460901260376
1,256,40,0.0003,0.0793594258526961,20.82086118062337,0.887895853327003,0.9150718320357797,0.16255649800101915,25.953447341918945
1,256,41,0.0003,0.07950150097409885,20.897152264912922,0.88571539948261,0.9164688780356993,0.1595487892627716,19.51176118850708
1,256,42,0.0003,0.07961129272977512,20.797228813171387,0.8861735953979597,0.9131560782859159,0.16207155585289001,37.077256202697754
1,256,43,0.0003,0.07928580914934476,20.85885747273763,0.8865380043705442,0.9143007962500226,0.16140687093138695,24.71946096420288
1,256,44,0.0003,0.07911144942045212,20.848341941833496,0.8886773561944459,0.9148754461600236,0.1604644457499186,23.822433948516846
1,256,45,0.0003,0.08013083040714264,20.74763520558675,0.8849702404538689,0.9117583081502233,0.16297058140238127,37.60342860221863
1,256,46,0.0003,0.07931309690078099,20.90861225128174,0.8870594560239168,0.9153386576154948,0.1616135761141777,31.063872814178467
1,256,47,0.0003,0.07923115293184917,20.975555102030437,0.8866263371174319,0.9141407901543613,0.16068307061990103,25.977839946746826
1,256,48,0.0003,0.07742601881424586,21.121318181355793,0.8920735828454683,0.9212109958700712,0.1576033035914103,20.02791976928711
1,256,49,0.0003,0.0795831282933553,20.826290448506672,0.8863452525049039,0.9136051297963493,0.1625542715191841,19.393017530441284
1,256,50,0.0003,0.07967187464237213,20.87142213185628,0.8837730910620437,0.9136595423671788,0.15878684322039285,22.202293872833252
1,256,51,0.0003,0.0789137954513232,20.765883763631184,0.8871338725945376,0.913271567530813,0.16075770060221353,19.868935585021973
1,256,52,0.0003,0.07864456872145335,20.870310465494793,0.8870164297721366,0.9152240254780987,0.16093109051386514,19.595519542694092
1,256,53,0.0003,0.07950652887423833,20.77201493581136,0.8887420693224652,0.9147300378955731,0.16079520682493845,20.553921461105347
1,256,54,0.0003,0.07832840954264005,20.863465944925945,0.888500693629215,0.9148582494543969,0.1629072775443395,19.29449224472046
1,256,55,0.0003,0.07728972906867664,21.08172384897868,0.8890956503410375,0.9176511161472957,0.15708274270097414,20.589066743850708
1,256,56,0.0003,0.07916019732753436,20.764960606892902,0.8867299934105649,0.9128035051826875,0.16489720717072487,22.480167627334595
1,256,57,0.0003,0.07800375794370969,20.97002061208089,0.8873125489413525,0.9142864165809584,0.15854446589946747,21.402918100357056
1,256,58,0.0003,0.07775460928678513,20.982880274454754,0.8879702398531468,0.9151201185476445,0.15899067868789038,19.37818193435669
1,256,59,0.0003,0.07916703447699547,20.89303175608317,0.8850829333737895,0.9121458297711271,0.1596965156495571,22.157233953475952
1,256,60,0.0003,0.07724357148011525,21.057326952616375,0.8904637511784173,0.9181406652469115,0.157827690243721,21.364206075668335
1,256,61,0.0003,0.07789240032434464,20.988142331441242,0.8896168432891493,0.9179063209851125,0.1569808286925157,20.925935745239258
1,256,62,0.0003,0.07804687817891438,20.97700373331706,0.8875780657836215,0.9148888901859338,0.15677918245395026,19.34697413444519
1,256,63,0.0003,0.07863059391578038,20.959474563598633,0.8867061602337265,0.9140799437767256,0.1593096305926641,21.855238676071167
1,256,64,0.0003,0.07950932905077934,20.750419934590656,0.8827633589141621,0.9093207323508725,0.1637021154165268,19.42034411430359
1,256,65,0.0003,0.07771794497966766,21.122687975565594,0.8881026958060727,0.9157117485890639,0.15571093062559763,19.241111278533936
1,256,66,0.0003,0.07693800205985706,21.08627732594808,0.8872230188816261,0.9165484887161934,0.16001989940802255,19.238784790039062
1,256,67,0.0003,0.07633088653286298,21.259110768636067,0.89167969212841,0.9207219763609439,0.1552198020120462,25.994030475616455
1,256,68,0.0003,0.0790896179775397,20.89212417602539,0.8875262434092889,0.9128966206125528,0.15853230903546014,25.83315658569336
1,256,69,0.0003,0.07648497447371483,21.076245307922363,0.8897029010816433,0.9193547139640623,0.15891505281130472,35.92326760292053
1,256,70,0.0003,0.0799126240114371,20.700970967610676,0.8842219036212651,0.9100992703413496,0.15974776446819305,25.530906915664673
1,256,71,0.0003,0.07707824806372325,20.959822336832683,0.8877370487164042,0.9155833855196743,0.16081780195236206,35.729459047317505
1,256,72,0.0003,0.07723443085948627,21.06250254313151,0.8889837220937068,0.9153180312978106,0.156865111241738,29.898764610290527
1,256,73,0.0003,0.07717168952027957,21.01940409342448,0.8880274891692843,0.9159732777386494,0.15841842566927275,26.05504608154297
1,256,74,0.0003,0.07600811248024304,21.2487850189209,0.8898267983546208,0.9186235845871401,0.154449092845122,25.46553921699524
1,256,75,0.0003,0.07725820814569791,20.97052256266276,0.8861572439646411,0.9135099342171723,0.16161392132441202,30.75361204147339
1,256,76,0.0003,0.07634421065449715,21.132542928059895,0.8917182233036596,0.9181737940017957,0.15545351430773735,55.50921559333801
1,256,77,0.0003,0.07683063919345538,21.19376055399577,0.8908668742152851,0.9169533057237708,0.15435312191645303,45.6748263835907
1,256,78,0.0003,0.07532664015889168,21.270421663920086,0.8905710185250246,0.9189003106559088,0.1538173829515775,19.37728762626648
1,256,79,0.0003,0.07632555191715558,21.201637585957844,0.8899800379803935,0.9175079818686477,0.15805543834964433,20.53422522544861
1,256,80,0.0003,0.07695581763982773,21.07806332906087,0.8885970827554946,0.9155975836406394,0.1575143188238144,19.754242658615112
1,256,81,0.0003,0.07532928511500359,21.319352467854817,0.8925318820371612,0.9213157410170769,0.15382996201515198,21.72503089904785
1,256,82,0.0003,0.07465193048119545,21.345385869344074,0.8950604506571583,0.922005137770126,0.15423635890086493,20.436872482299805
1,256,83,0.0003,0.077161755412817,21.14481004079183,0.8918872779736988,0.9176699631153835,0.1541127823293209,21.156830310821533
1,256,84,0.0003,0.07582476486762364,21.242642720540363,0.8932032185930682,0.9195491014579237,0.15350178008278212,21.918725728988647
1,256,85,0.0003,0.0752408467233181,21.24919096628825,0.8926455840754292,0.9206655701277474,0.15718203783035278,19.574147701263428
1,256,86,0.0003,0.07600071902076404,21.285031000773113,0.8896837736944533,0.9199431728207262,0.1557213763395945,22.120620012283325
1,256,87,0.0003,0.07524583116173744,21.198962211608887,0.8920045739466277,0.9189839139670157,0.15620517482360205,21.136908531188965
1,256,88,0.0003,0.07531340420246124,21.263595581054688,0.8903910516930659,0.9177981378144336,0.1539448748032252,19.663306713104248
1,256,89,0.0003,0.07504130775729816,21.352548281351726,0.89146804979613,0.9206676502801748,0.15439139679074287,19.94724416732788
1,256,90,0.0003,0.07578425730268161,21.166783332824707,0.8883192813939876,0.9146203075625126,0.15705003837744394,22.217333793640137
1,256,91,0.0003,0.0772067258755366,21.113375345865887,0.8886392107539866,0.9149868728251263,0.1562194861471653,19.080875396728516
1,256,92,0.0003,0.07630534345904987,21.175339380900066,0.8911611638645537,0.9179796377443045,0.15628047411640486,22.0046443939209
1,256,93,0.0003,0.07567216207583745,21.233633995056152,0.889286827062941,0.9165924116988147,0.1561498368779818,19.175804376602173
1,256,94,0.0003,0.07635406280557315,21.1187318166097,0.8880959047963577,0.9150829753863233,0.15610206127166748,20.554569482803345
1,256,95,0.0003,0.07546909277637799,21.245716094970703,0.8894266711582249,0.9175044913393787,0.15508059412240982,20.37377691268921
1,256,96,0.0003,0.07515948638319969,21.258793195088703,0.892900649288007,0.9187987170378508,0.15501435473561287,21.038820266723633
1,256,97,0.0003,0.07616062710682552,21.158413887023926,0.8900039764879715,0.9167251037794829,0.15576057756940523,19.92460298538208
1,256,98,0.0003,0.07467925176024437,21.281431833902996,0.892106867426072,0.9195723661934183,0.15443489452203116,43.129462480545044
1,256,99,0.0003,0.07554633418718974,21.281472206115723,0.8901762483695119,0.9183716229363043,0.15360977252324423,31.33026099205017
1,256,100,0.0003,0.07485062132279079,21.335691452026367,0.8936697808035915,0.9206015067445191,0.15425369143486023,25.477322578430176
1,256,101,0.0003,0.07547904054323833,21.230733553568523,0.8901919638581343,0.9168853231940951,0.15604136139154434,30.928240060806274
1,256,102,0.0003,0.07503599176804225,21.222354888916016,0.8934520964597987,0.9215065616644353,0.15855779747168222,19.19805335998535
1,256,103,0.0003,0.07719942803184192,21.036006927490234,0.8852612410614932,0.9137435968804041,0.15866177653272948,20.455302476882935
1,256,104,0.0003,0.07538972795009613,21.141234079996746,0.8925250682489642,0.9202749546344839,0.15645179649194083,19.76188373565674
1,256,105,0.0003,0.07492805396517117,21.36845111846924,0.8923372233625487,0.9204708244774106,0.15511873488624892,21.35249161720276
1,256,106,0.0003,0.07530232146382332,21.25592549641927,0.896659087296822,0.9233384930588234,0.15674941490093866,19.22472858428955
1,256,107,0.0003,0.07448479284842809,21.39640744527181,0.8946405166598806,0.9227565942639772,0.1550738923251629,19.44822335243225
1,256,108,0.0003,0.07640742013851802,21.14979362487793,0.8941247225646602,0.919488301965099,0.15501275037725767,19.382041931152344
1,256,109,0.0003,0.07513187949856122,21.310331026713055,0.8903518820065175,0.918847055480679,0.154074314981699,21.64382243156433
1,256,110,0.0003,0.07516033574938774,21.23280429840088,0.8906261407967352,0.9199209863707117,0.15735128273566565,21.024916172027588
1,256,111,0.0003,0.07609258716305096,21.1364008585612,0.8888558378228675,0.9157780742192762,0.15475071097413698,19.95940351486206
1,256,112,0.0003,0.0751526082555453,21.27519162495931,0.891444834297959,0.9187323894748683,0.1550215631723404,21.052520513534546
1,256,113,0.0003,0.07409028336405754,21.331613222757976,0.8931820929240842,0.9189461304612069,0.153670368095239,19.538299322128296
1,256,114,0.0003,0.0752992940445741,21.274832407633465,0.8932346666983277,0.9198072575061936,0.15277486915389696,22.15803074836731
1,256,115,0.0003,0.07477973277370135,21.364684104919434,0.8910956030584992,0.9197630104803483,0.15365713586409888,20.87768030166626
1,256,116,0.0003,0.07606978962818782,21.13638210296631,0.889808954750762,0.9163418898508059,0.1569607357184092,19.932563066482544
1,256,117,0.0003,0.07575004051129024,21.162025769551594,0.8921750792123192,0.9180611207453323,0.15472998718420664,21.559520483016968
1,256,118,0.0003,0.07478869706392288,21.2429936726888,0.8909312367062173,0.9198671782899407,0.1578096797068914,19.136884927749634
1,256,119,0.0003,0.07562660053372383,21.209930419921875,0.8900070775399387,0.9172036591126139,0.1550020898381869,19.472992420196533
1,256,120,0.0003,0.07391905908783276,21.37633005777995,0.8929066596102335,0.9221153707246336,0.15547532960772514,21.532273530960083
2,320,1,0.00025,0.07515332428738475,21.375539779663086,0.895857476048006,0.9223255363426374,0.15736422687768936,19.98291850090027
2,320,2,0.00025,0.07473714230582118,21.298650979995728,0.8941846470648241,0.9200465366746505,0.15534266084432602,20.084807634353638
2,320,3,0.00025,0.07479181978851557,21.324915409088135,0.8942224614888334,0.9212773768491962,0.1565751750022173,20.518372058868408
2,320,4,0.00025,0.07674531731754541,21.068138122558594,0.8905200155978525,0.9169526131952427,0.1582131376489997,24.90633988380432
2,320,5,0.00025,0.07626987947151065,21.073636531829834,0.8897913814647971,0.9184652032153316,0.15988252311944962,21.477311849594116
2,320,6,0.00025,0.07652565184980631,21.22287106513977,0.8928768108791614,0.9196867777345078,0.15613269340246916,26.082473278045654
2,320,7,0.00025,0.0755636733956635,21.21796488761902,0.890523277527446,0.917371363277146,0.15976769011467695,31.774040937423706
2,320,8,0.00025,0.07463360438123345,21.331294298171997,0.895991191517927,0.921182636902126,0.15657254680991173,26.64041519165039
2,320,9,0.00025,0.07456190465018153,21.25118589401245,0.8938146293313759,0.9220053189440112,0.1570556117221713,35.805678606033325
2,320,10,0.00025,0.07560436800122261,21.23255181312561,0.8929526268619292,0.9184349868620123,0.15883777290582657,56.27377247810364
2,320,11,0.00025,0.07505302736535668,21.270249366760254,0.8908130920732069,0.9181195515286477,0.15803973097354174,20.40232563018799
2,320,12,0.00025,0.07624439895153046,21.0447678565979,0.8921435361107353,0.919065806134263,0.16389679536223412,19.6993670463562
2,320,13,0.00025,0.07755849789828062,21.026512384414673,0.8885960472004762,0.9163791322860276,0.16083478927612305,21.987105131149292
2,320,14,0.00025,0.07719839550554752,21.04343056678772,0.8877101689328841,0.914649342787097,0.16103133745491505,21.66323971748352
2,320,15,0.00025,0.07527972850948572,21.272823333740234,0.8945572854995321,0.9191948933344335,0.1583314910531044,18.855641841888428
2,320,16,0.00025,0.07499415939673781,21.270493745803833,0.8961532102944398,0.921326289393395,0.15673835761845112,20.8602774143219
2,320,17,0.00025,0.07471235515549779,21.29092049598694,0.8934860042749364,0.920395647836891,0.15885720402002335,20.429553270339966
2,320,18,0.00025,0.0754701467230916,21.264575242996216,0.8910503552784831,0.9175538491351036,0.15803828462958336,19.44958472251892
2,320,19,0.00025,0.07377052027732134,21.40451145172119,0.8955979185615798,0.9212689088551064,0.1577583346515894,20.908912897109985
2,320,20,0.00025,0.07572057191282511,21.20764970779419,0.8904166637745847,0.9172936631542283,0.15860525518655777,20.08532953262329
2,320,21,0.00025,0.0750379259698093,21.315819025039673,0.892726129469407,0.9200982225294382,0.15616157092154026,18.226252555847168
2,320,22,0.00025,0.07425091927871108,21.3252956867218,0.8938914571215897,0.9199397191334473,0.15757591649889946,19.110415935516357
2,320,23,0.00025,0.07483165757730603,21.3166766166687,0.8936394929362959,0.9205319688301921,0.1565542370080948,19.705541372299194
2,320,24,0.00025,0.07555909687653184,21.279393911361694,0.8917520280300019,0.9176587310712697,0.1572654079645872,18.73367476463318
2,320,25,0.00025,0.07489814143627882,21.268056869506836,0.8900695675199802,0.9176125739191836,0.15829016268253326,18.278483629226685
2,320,26,0.00025,0.0758300288580358,21.252874851226807,0.8928382544897662,0.9187147771303772,0.15716089867055416,19.216548204421997
2,320,27,0.00025,0.07578366342931986,21.139368772506714,0.8909676680031086,0.9185064797119594,0.16166642680764198,20.72279191017151
2,320,28,0.00025,0.07438180921599269,21.357553720474243,0.8926595806650097,0.9209065971871326,0.15572390612214804,19.597967386245728
2,320,29,0.00025,0.07692111795768142,21.136309146881104,0.8903074816884542,0.9155938255891115,0.15954976342618465,19.88411808013916
2,320,30,0.00025,0.07556617027148604,21.24694585800171,0.8934514594596809,0.9207515447468451,0.15816917456686497,19.640540838241577
2,320,31,0.00025,0.0752262519672513,21.247270107269287,0.8926734443803355,0.91949742236383,0.16035509388893843,20.20888042449951
2,320,32,0.00025,0.07521818624809384,21.26997208595276,0.8950607510135782,0.9200485434710292,0.15692655369639397,25.784754991531372
2,320,33,0.00025,0.07545552914962173,21.21978235244751,0.8940975187588913,0.9190666792687445,0.15692204795777798,30.71409583091736
2,320,34,0.00025,0.07683821162208915,21.047348260879517,0.89324326323666,0.9169486096656563,0.15783500485122204,72.21349263191223
2,320,35,0.00025,0.07430023699998856,21.358864545822144,0.8959855047931935,0.9217640617829914,0.15666745509952307,46.77960133552551
2,320,36,0.00025,0.07597514195367694,21.1328341960907,0.8891808066023653,0.9148799495613016,0.16246626153588295,19.60287046432495
2,320,37,0.00025,0.07499574590474367,21.365126848220825,0.893848527702483,0.9201934917721565,0.15848216507583857,26.34732413291931
2,320,38,0.00025,0.07564368704333901,21.151843786239624,0.8918338451340662,0.9186494845451678,0.15936376806348562,57.84237504005432
2,320,39,0.00025,0.07567159226164222,21.210729837417603,0.8897453742833663,0.9172145853187197,0.1585677471011877,84.1058235168457
2,320,40,0.00025,0.07443025708198547,21.329821586608887,0.8942015465591654,0.9206707775484335,0.15669751726090908,28.52416729927063
2,320,41,0.00025,0.07450515450909734,21.26877498626709,0.8955493038032247,0.9216087711203135,0.1570554208010435,21.98950457572937
2,320,42,0.00025,0.07552294293418527,21.236347913742065,0.8944208891125475,0.9190356511596451,0.15802974626421928,23.700584650039673
2,320,43,0.00025,0.07509274128824472,21.26211905479431,0.8916425036320057,0.9178827001779234,0.1576942354440689,46.48125886917114
2,320,44,0.00025,0.0757798021659255,21.152448415756226,0.89134739692213,0.9172335935738102,0.1596293691545725,19.300825595855713
2,320,45,0.00025,0.07493774686008692,21.321266651153564,0.8923865508813187,0.9185636230727594,0.1566127259284258,22.39584493637085
2,320,46,0.00025,0.07545420480892062,21.247881174087524,0.8928549050166379,0.9188679717908903,0.1568520525470376,19.1189181804657
2,320,47,0.00025,0.07522866735234857,21.264060735702515,0.8926370775747439,0.918368753804816,0.15723423194140196,21.570985317230225
2,320,48,0.00025,0.07606499316170812,21.188401460647583,0.8887693282574975,0.9152456374544453,0.1578268799930811,18.457979440689087
2,320,49,0.00025,0.07613792736083269,21.158298015594482,0.8878918457431084,0.9154542682794707,0.15751834958791733,19.146913766860962
2,320,50,0.00025,0.07492012623697519,21.22303795814514,0.894087851311216,0.9196758263541955,0.16024151351302862,34.360065937042236
2,320,51,0.00025,0.07557348161935806,21.282776355743408,0.8928718508809261,0.919511365310124,0.15778968203812838,25.698791980743408
2,320,52,0.00025,0.07597884722054005,21.224031686782837,0.8920519321253959,0.9182117114702295,0.16015923209488392,19.60004210472107
2,320,53,0.00025,0.07535988558083773,21.177684545516968,0.8920400044336452,0.9179462376958976,0.16111664939671755,46.62907552719116
2,320,54,0.00025,0.07634065020829439,21.198856115341187,0.8911867693052258,0.918471071468269,0.16344274301081896,19.073879718780518
2,320,55,0.00025,0.07447929121553898,21.390069246292114,0.8946383462794434,0.9214404289598316,0.1570971952751279,19.574508905410767
2,320,56,0.00025,0.07500919792801142,21.361368656158447,0.8946217716107847,0.9216032766434407,0.15712212212383747,18.86092448234558
2,320,57,0.00025,0.07449262822046876,21.421024799346924,0.8973950861740763,0.9222477131660228,0.15532429330050945,19.241904258728027
2,320,58,0.00025,0.07461423426866531,21.316130876541138,0.8923801439521216,0.9199029121630685,0.15857889875769615,20.622204780578613
2,320,59,0.00025,0.07515504118055105,21.2796413898468,0.8923741437008751,0.9199307483336522,0.15669114608317614,21.234638690948486
2,320,60,0.00025,0.07414751825854182,21.40858817100525,0.8939441295809017,0.92000472642444,0.1567922318354249,19.49324107170105
2,320,61,0.00025,0.07359447097405791,21.44068956375122,0.8952957845467315,0.9217671260406871,0.15642657317221165,28.340354919433594
2,320,62,0.00025,0.0737044089473784,21.52650761604309,0.8960947708446911,0.9224319084243662,0.15428069792687893,18.936022996902466
2,320,63,0.00025,0.07441422017291188,21.379351377487183,0.8930969607400686,0.9215857303345362,0.15640733763575554,18.847328186035156
2,320,64,0.00025,0.07442801492288709,21.350000143051147,0.8927892554176741,0.9194246947483806,0.15807277988642454,20.59212851524353
2,320,65,0.00025,0.07403573859483004,21.401344537734985,0.8981330601269497,0.922959829305279,0.156055455096066,19.702686309814453
2,320,66,0.00025,0.07446360122412443,21.386671543121338,0.8961818627686322,0.9206078803750958,0.15534885972738266,19.94790768623352
2,320,67,0.00025,0.0731112090870738,21.448970556259155,0.8957708870786679,0.9227103168545374,0.15617620293051004,20.148444890975952
2,320,68,0.00025,0.07536861533299088,21.15550470352173,0.893335423789348,0.9205015863171657,0.15723762847483158,19.02585196495056
2,320,69,0.00025,0.07471250370144844,21.307058572769165,0.8937651387954945,0.920569485384109,0.1571769379079342,19.977346658706665
2,320,70,0.00025,0.07440676027908921,21.28157377243042,0.8931650751571798,0.9212633184374304,0.1566844079643488,18.091726064682007
2,320,71,0.00025,0.07479705102741718,21.229564666748047,0.8951216260801588,0.9207331067265528,0.15814483724534512,20.224202156066895
2,320,72,0.00025,0.07249162066727877,21.580596923828125,0.8984544171416095,0.9250705778269936,0.15236960258334875,19.204535961151123
2,320,73,0.00025,0.07348766503855586,21.475354433059692,0.8972713202595136,0.9235485217391439,0.15321798529475927,21.008158922195435
2,320,74,0.00025,0.07400416489690542,21.333125114440918,0.8946021016418936,0.9220293902778198,0.15786947682499886,18.618705987930298
2,320,75,0.00025,0.0751420552842319,21.21431255340576,0.8952810864081144,0.9198657387860848,0.15808698628097773,21.262717723846436
2,320,76,0.00025,0.07540521631017327,21.218020915985107,0.8936326576847202,0.9185852668236905,0.1595506863668561,20.249327421188354
2,320,77,0.00025,0.07578051462769508,21.16598415374756,0.8922590226548384,0.9198781567392598,0.16212283540517092,19.54141139984131
2,320,78,0.00025,0.07487283227965236,21.236613512039185,0.8945786374273647,0.9221726320788234,0.15812117513269186,24.197075843811035
2,320,79,0.00025,0.07281880546361208,21.50862693786621,0.8995027645384275,0.9264756693753899,0.15567544754594564,53.61093521118164
2,320,80,0.00025,0.07478022435680032,21.34835386276245,0.8945818657728262,0.9213168613056412,0.15764357708394527,37.061063289642334
2,320,81,0.00025,0.07534998748451471,21.271334648132324,0.8936322790692718,0.9204319785923295,0.1575224632397294,20.63164758682251
2,320,82,0.00025,0.07787509821355343,20.93958806991577,0.8917990392755816,0.9166741768045631,0.16052491404116154,19.167255640029907
2,320,83,0.00025,0.07677065581083298,21.13117218017578,0.8948850675154663,0.9202781219643512,0.15765191335231066,20.74105429649353
2,320,84,0.00025,0.07302056718617678,21.560961484909058,0.8985558798023359,0.9252485973362649,0.1538245240226388,20.418140411376953
2,320,85,0.00025,0.07392665185034275,21.40716814994812,0.8957673860131941,0.9229490097560458,0.15562907420098782,19.708249807357788
2,320,86,0.00025,0.07563627697527409,21.197447538375854,0.893180937977881,0.921287810429384,0.15572413615882397,18.58838963508606
2,320,87,0.00025,0.07384442910552025,21.42904543876648,0.897261459600846,0.9238227954512618,0.15553818084299564,20.196120262145996
2,320,88,0.00025,0.07432553498074412,21.4130220413208,0.8956686827560596,0.9215450239181844,0.15529718808829784,18.278507471084595
2,320,89,0.00025,0.07341497438028455,21.49074411392212,0.8979313132538804,0.9250409802344326,0.1547189811244607,18.916062593460083
2,320,90,0.00025,0.07453045900911093,21.403851985931396,0.894535472636556,0.9224633979063472,0.15454459935426712,18.890938758850098
2,320,91,0.00025,0.07420351076871157,21.306025505065918,0.8944840536673007,0.9211943602330177,0.15744038112461567,19.934918642044067
2,320,92,0.00025,0.0727093880996108,21.5461106300354,0.9000606839570373,0.9278698011118733,0.1545317806303501,21.00528597831726
2,320,93,0.00025,0.07407069159671664,21.474451065063477,0.8952642361936434,0.9234826242273989,0.1537417322397232,20.410602569580078
2,320,94,0.00025,0.07414266606792808,21.407121181488037,0.8977153938548492,0.9226953122963181,0.15529655292630196,21.008963346481323
2,320,95,0.00025,0.07435517013072968,21.309432983398438,0.8959027761581816,0.9239947813282654,0.15513829793781042,19.26660132408142
2,320,96,0.00025,0.07472528889775276,21.266141653060913,0.894514500001572,0.9216796526858254,0.15619725827127695,19.286341667175293
2,320,97,0.00025,0.07296460215002298,21.470619440078735,0.9000281011909654,0.92616662639341,0.15453078038990498,19.395245790481567
2,320,98,0.00025,0.074669751804322,21.301808834075928,0.8948707999985933,0.9236114302487309,0.15785307995975018,19.725069284439087
2,320,99,0.00025,0.07221570331603289,21.61384415626526,0.9034212578091012,0.9286281148261273,0.15191948413848877,19.77390480041504
2,320,100,0.00025,0.0734496652148664,21.489750385284424,0.8974326013699437,0.9245684987205193,0.15518942289054394,19.32111358642578
2,320,101,0.00025,0.07415874628350139,21.43501615524292,0.8970603770628048,0.9230172820641827,0.15674253832548857,20.001125812530518
2,320,102,0.00025,0.07316339341923594,21.486188173294067,0.8969937535626193,0.9240156005516703,0.15557596553117037,19.417397260665894
2,320,103,0.00025,0.07444824418053031,21.297529220581055,0.8940479170856233,0.9221121963041421,0.15772602520883083,20.066416025161743
2,320,104,0.00025,0.07385468017309904,21.359806060791016,0.896325364176693,0.9229091363201226,0.15594836603850126,26.336735725402832
2,320,105,0.00025,0.07418587990105152,21.353865146636963,0.8952558641068816,0.9216642203352813,0.15576332993805408,55.522361040115356
2,320,106,0.00025,0.07284974958747625,21.63314151763916,0.8985508055409943,0.925072117547905,0.1538355965167284,25.830092191696167
2,320,107,0.00025,0.0739350588992238,21.427669763565063,0.897783826725407,0.923339620451779,0.15446579083800316,35.93404841423035
2,320,108,0.00025,0.07464911742135882,21.313314199447632,0.8929378527780484,0.9194420773227773,0.1557255182415247,19.378067016601562
2,320,109,0.00025,0.07458122679963708,21.372865676879883,0.8922761861517603,0.9195465763895098,0.15552106872200966,21.678454399108887
2,320,110,0.00025,0.07460533175617456,21.34167790412903,0.8943766547906004,0.9210060027885808,0.15588203351944685,20.541067600250244
2,320,111,0.00025,0.07445982471108437,21.355812311172485,0.8965703700517654,0.9216673088569038,0.15545189008116722,19.046607732772827
2,320,112,0.00025,0.07462757918983698,21.440268754959106,0.8961614478808808,0.9229001980698213,0.15282173082232475,19.892489910125732
2,320,113,0.00025,0.07708817115053535,21.12608814239502,0.8903898057270497,0.9191570531697597,0.15890533663332462,20.908807277679443
2,320,114,0.00025,0.07568207429721951,21.212214469909668,0.8917631431597874,0.9184258874937021,0.15820205211639404,18.642207145690918
2,320,115,0.00025,0.07537814881652594,21.288292407989502,0.8934171556030731,0.9206594985826478,0.15619308594614267,20.163655757904053
2,320,116,0.00025,0.07449655747041106,21.437366485595703,0.8969795730925757,0.922615163167038,0.15715749934315681,20.78298258781433
2,320,117,0.00025,0.07527950452640653,21.303091287612915,0.8946749425242102,0.9203836669840897,0.15636149235069752,21.309410095214844
2,320,118,0.00025,0.07396431313827634,21.396692752838135,0.8971302795664304,0.9243543444966105,0.15485668554902077,20.414840698242188
2,320,119,0.00025,0.07534908968955278,21.263517141342163,0.8942301538615909,0.9241749390964686,0.15651076659560204,20.312634229660034
2,320,120,0.00025,0.07387041160836816,21.382731437683105,0.8957640392971283,0.9240748100714482,0.15569076966494322,21.210171461105347
3,384,1,0.0002,0.07411161468674739,21.317574501037598,0.8979056302421902,0.9285286830828938,0.15399175758163133,21.695305109024048
3,384,2,0.0002,0.07319678800801437,21.512447357177734,0.8990316308598122,0.9311915171674846,0.1523330776641766,23.810144662857056
3,384,3,0.0002,0.076438099766771,21.044697920481365,0.8936392998946685,0.9239568771051924,0.1576535664498806,46.07778334617615
3,384,4,0.0002,0.07337842136621475,21.277873992919922,0.8989700683887035,0.930498448506408,0.15695927354196706,62.40000009536743
3,384,5,0.0002,0.07497908143947522,21.31174389521281,0.8959886095256481,0.9287826712304339,0.15476378612220287,20.741127014160156
3,384,6,0.0002,0.07398765472074349,21.41398334503174,0.8995044587948082,0.9291574141046461,0.15264229103922844,20.564639568328857
3,384,7,0.0002,0.07560614651689927,21.238771597544353,0.8929410413290803,0.9240644629911815,0.15472027162710825,27.834638357162476
3,384,8,0.0002,0.07352983889480431,21.41795523961385,0.898571591091628,0.9286937358903008,0.15395639277994633,33.23780918121338
3,384,9,0.0002,0.07466689062615235,21.290197054545086,0.8989583141529193,0.9279832139371549,0.1522833202034235,21.023742198944092
3,384,10,0.0002,0.07558498655756314,21.17361879348755,0.8952410854465539,0.92498840127731,0.15535591480632624,21.145830392837524
3,384,11,0.0002,0.07503409373263518,21.289192358652752,0.8957007462409191,0.9289558252894846,0.15362281973163286,21.381407737731934
3,384,12,0.0002,0.07427906524389982,21.382384300231934,0.8991293655791628,0.9283267060648389,0.15114786413808665,21.608169317245483
3,384,13,0.0002,0.0740526154016455,21.359398047129314,0.8988911275884868,0.9275156706169576,0.1524856990824143,22.921671628952026
3,384,14,0.0002,0.07562060312678416,21.131534735361736,0.8969938509827937,0.9252817292458354,0.15881249060233435,22.27335786819458
3,384,15,0.0002,0.0714487914616863,21.725200176239014,0.9037470621507953,0.9325147290429351,0.14941923568646112,20.01406741142273
3,384,16,0.0002,0.07316765127082665,21.57274850209554,0.9000977690757583,0.9295067213973144,0.15058525217076144,22.195942401885986
3,384,17,0.0002,0.07513542131831248,21.17941967646281,0.8984555176851937,0.9268830357020347,0.15457138667503992,20.07271146774292
3,384,18,0.0002,0.07400027755647898,21.438977241516113,0.8967674479006288,0.9290738599938161,0.15173370453218618,22.011693239212036
3,384,19,0.0002,0.07395458873361349,21.429750124613445,0.8972987169116272,0.9277240557351435,0.1525237075984478,20.781327486038208
3,384,20,0.0002,0.07444096077233553,21.366684277852375,0.8957504145408467,0.9262467984653359,0.153900026033322,21.708414554595947
3,384,21,0.0002,0.0744456114868323,21.399667898813885,0.8966614790351218,0.9300506903423421,0.15419884709020457,22.050671100616455
3,384,22,0.0002,0.07434826934089263,21.28214104970296,0.8979042025808135,0.9295234357900087,0.1558418609201908,21.877407789230347
3,384,23,0.0002,0.07388190552592278,21.409941991170246,0.8981622357691936,0.9301672649531839,0.15174941842754683,20.986227989196777
3,384,24,0.0002,0.0755080496892333,21.166054407755535,0.8957505527705404,0.925546686435388,0.15830014770229658,20.794848680496216
3,384,25,0.0002,0.07289717656870683,21.495991865793865,0.8988092227369567,0.9304700685340238,0.15246401665111384,21.879422426223755
3,384,26,0.0002,0.07473834448804458,21.457263310750324,0.8984043590584131,0.927863057081276,0.1527808935691913,20.485845804214478
3,384,27,0.0002,0.07461454284687837,21.26777998606364,0.8973004639547674,0.9265355586735627,0.15692079874376455,23.377415418624878
3,384,28,0.0002,0.07369955784330766,21.47825527191162,0.8972108637985343,0.9264928083136111,0.15249791306753954,22.47443437576294
3,384,29,0.0002,0.07446707288424174,21.289796511332195,0.8966485412916657,0.9285973596191476,0.15435716261466345,21.963058948516846
3,384,30,0.0002,0.07232547582437594,21.645904223124187,0.8998834945696812,0.9302069314242192,0.15026209689676762,21.694281816482544
3,384,31,0.0002,0.07198727627595265,21.62115240097046,0.9033245772003501,0.9316954619133863,0.15060227115948996,22.92096209526062
3,384,32,0.0002,0.07641295188417037,21.220618724822998,0.8923272913705124,0.9263593261065023,0.1556916298965613,20.342862129211426
3,384,33,0.0002,0.0737105676283439,21.409062544504803,0.8999280776031107,0.928881519586568,0.1534379292279482,22.844655752182007
3,384,34,0.0002,0.07387329979489247,21.47758674621582,0.897653860860732,0.9276998841223687,0.15082820256551108,20.830795764923096
3,384,35,0.0002,0.07585619358966748,21.2191055615743,0.8950322384447871,0.9266673432833358,0.1563563042630752,22.301168203353882
3,384,36,0.0002,0.0759281034891804,21.157512823740642,0.8942732915728828,0.9255346517863945,0.15493709407746792,20.68228793144226
3,384,37,0.0002,0.07386962013940017,21.44861634572347,0.8978460144918817,0.9279188312601763,0.1543571346749862,20.129756689071655
3,384,38,0.0002,0.07335383476068576,21.539591630299885,0.8968122811742502,0.9297497634132846,0.15118161340554556,19.97427725791931
3,384,39,0.0002,0.07182142200569312,21.592554410298664,0.9016378247237512,0.9303471234116402,0.1513163118312756,20.478068590164185
3,384,40,0.0002,0.07475731708109379,21.25237242380778,0.8982436276410759,0.9273919042033811,0.15409843561549982,21.077181100845337
3,384,41,0.0002,0.07316305581480265,21.35926405588786,0.8987280821363298,0.9300859667316823,0.15353097456196943,20.188443183898926
3,384,42,0.0002,0.0744480953241388,21.35531536738078,0.8981052117240947,0.9288430739428755,0.15340817285080752,22.20801615715027
3,384,43,0.0002,0.07346315712978442,21.47498877843221,0.8993110211267908,0.9292090004164649,0.1506737321615219,20.710675954818726
3,384,44,0.0002,0.07338065405686696,21.37500270207723,0.9005349165464088,0.9304340839561743,0.15561898238956928,21.707645416259766
3,384,45,0.0002,0.07420559010157983,21.332482020060223,0.8980517584706119,0.929433508961095,0.1528515350073576,21.540446519851685
3,384,46,0.0002,0.07427190709859133,21.380597432454426,0.8983792852250573,0.9295937529384934,0.15356793192525706,32.418989419937134
3,384,47,0.0002,0.07442495878785849,21.423834323883057,0.8970582555669414,0.9298667589948245,0.1506598542133967,24.3961238861084
3,384,48,0.0002,0.07584509657075007,21.15671507517497,0.8969269026787153,0.9272449458018651,0.15537602143983045,20.56653380393982
3,384,49,0.0002,0.07354133451978366,21.35576073328654,0.8997182973969512,0.9314311005233967,0.15326707685987154,27.97581124305725
3,384,50,0.0002,0.0765544722477595,21.028583526611328,0.8932280285023321,0.9231159040494047,0.15668939799070358,20.544442892074585
3,384,51,0.0002,0.07520979177206755,21.260202884674072,0.894782632308392,0.925688167553226,0.15295728109776974,21.877100229263306
3,384,52,0.0002,0.07341340867181619,21.48099692662557,0.89945731312854,0.9303984975173384,0.15154321988423666,20.249030113220215
3,384,53,0.0002,0.07368453374753396,21.442731221516926,0.8972720861014949,0.9304938821886165,0.15258464962244034,20.36180591583252
3,384,54,0.0002,0.07465658864627282,21.243556181589764,0.893783337235365,0.92545881483938,0.1542059431473414,21.008894205093384
3,384,55,0.0002,0.07591015007346869,21.114984671274822,0.8924797762738036,0.9247286213299751,0.15662579610943794,19.648483514785767
3,384,56,0.0002,0.07354783484091361,21.435535271962483,0.8965078712135294,0.928074570696351,0.15333270095288754,20.37945055961609
3,384,57,0.0002,0.07705948843310277,21.08255163828532,0.8900918817999394,0.9236601754446965,0.1571369512627522,20.141697883605957
3,384,58,0.0002,0.0757059920579195,21.18340078989665,0.893327398501652,0.9236680593996428,0.15745770124097666,22.120927333831787
3,384,59,0.0002,0.07499618579943974,21.252303918202717,0.8974219452529081,0.927997171065663,0.15503456940253577,21.926493644714355
3,384,60,0.0002,0.07239180461814006,21.472054481506348,0.9007787992143762,0.9313212116746369,0.15315258068343005,20.328107118606567
3,384,61,0.0002,0.07427080906927586,21.2996187210083,0.9014220799738881,0.9296047927048652,0.1523324716836214,21.442537307739258
3,384,62,0.0002,0.07399121268341939,21.376397132873535,0.898974913272883,0.9296035256550264,0.15281649058063826,20.54210662841797
3,384,63,0.0002,0.07351477847745021,21.39938958485921,0.8978072798141291,0.9292663403731712,0.15407515689730644,20.268668174743652
3,384,64,0.0002,0.07321539086600144,21.531397501627605,0.8993912372253594,0.9296713555325754,0.1516944176206986,20.344647645950317
3,384,65,0.0002,0.07384566279749076,21.382554213205974,0.8972712947255324,0.9298446915236994,0.15269921099146208,20.503037214279175
3,384,66,0.0002,0.0747590617587169,21.276611328125,0.8965139046921137,0.929330883742329,0.15492541963855425,21.289501905441284
3,384,67,0.0002,0.07396948027114074,21.37581713994344,0.8998910260695988,0.9288163197633854,0.15149853192269802,20.125160694122314
3,384,68,0.0002,0.0735821013028423,21.465157349904377,0.9008492087945966,0.933174768499225,0.1532619179536899,21.944961309432983
3,384,69,0.0002,0.07527521594117086,21.279944737752277,0.8965914462520058,0.9296163769902805,0.15217472612857819,27.972169160842896
3,384,70,0.0002,0.07540841897328694,21.21078904469808,0.8968471051341108,0.9276479064374806,0.15422288390497366,20.32913374900818
3,384,71,0.0002,0.07269255040834348,21.48307927449544,0.8993950940798978,0.9310916235029719,0.1520187333226204,21.270488023757935
3,384,72,0.0002,0.07238253268102805,21.57702938715617,0.9023820648210291,0.9319282288692564,0.14905561630924544,27.897843599319458
3,384,73,0.0002,0.0727151936541001,21.519011815388996,0.900594282703795,0.9322215141079074,0.15105780710776648,25.850834369659424
3,384,74,0.0002,0.07247573944429557,21.60272216796875,0.901267515806376,0.9335157947160112,0.14948627166450024,19.504345178604126
3,384,75,0.0002,0.07520637226601441,21.23859103520711,0.8960904532439847,0.9287010810634996,0.15701126617689928,20.64109182357788
3,384,76,0.0002,0.07574278457711141,21.264756679534912,0.894460337611532,0.9279178684846352,0.1541536127527555,30.368398904800415
3,384,77,0.0002,0.07325728330761194,21.484254360198975,0.89942120127498,0.9311154697795553,0.15079174935817719,21.097935914993286
3,384,78,0.0002,0.07550295442342758,21.13032070795695,0.8955916753374518,0.9267566945977824,0.15642055993278822,20.257832288742065
3,384,79,0.0002,0.07253028887013595,21.617005983988445,0.9019342585223735,0.9307761650996152,0.1492004059255123,20.22224235534668
3,384,80,0.0002,0.07724606804549694,21.05293623606364,0.8905311497409262,0.9277073273651907,0.15816574854155382,21.858003854751587
3,384,81,0.0002,0.07513759471476078,21.37503782908122,0.8967767772620353,0.9279903106201198,0.15234271995723248,20.95631742477417
3,384,82,0.0002,0.07345177015910546,21.464622338612873,0.8996835671650468,0.9308282169593203,0.15125520899891853,20.39371919631958
3,384,83,0.0002,0.07294771044204633,21.59175443649292,0.900338991262941,0.9322400927159106,0.14904404493669668,22.785789251327515
3,384,84,0.0002,0.07479149320473273,21.354817390441895,0.8972539485641563,0.928352779997368,0.1523165243367354,22.393868684768677
3,384,85,0.0002,0.0760593181475997,21.212865829467773,0.89383183798553,0.9262084524292961,0.1539307783047358,20.04546308517456
3,384,86,0.0002,0.07318420211474101,21.54278341929118,0.8987544550366172,0.9305495913104331,0.15070613908270994,20.8922119140625
3,384,87,0.0002,0.07346826077749331,21.512694040934246,0.8986507373173175,0.9294724161381721,0.15125095037122568,21.039122343063354
3,384,88,0.0002,0.07531995978206396,21.282400608062744,0.8944112726692522,0.9285380647936213,0.15568864655991396,22.45366382598877
3,384,89,0.0002,0.07514482146749894,21.21916691462199,0.8951563683239278,0.9256866431688744,0.1563007471462091,20.387309789657593
3,384,90,0.0002,0.07475437534352143,21.337882041931152,0.895051121683797,0.9271451559215702,0.15378195295731226,20.550545930862427
3,384,91,0.0002,0.07129339904834826,21.72898515065511,0.9001183448422682,0.9323016305806325,0.14834191215535006,20.142208337783813
3,384,92,0.0002,0.07550116380055745,21.269010543823242,0.8946667931387098,0.9244544258066396,0.15358989561597505,22.22848391532898
3,384,93,0.0002,0.07583797412614028,21.18185504277547,0.8976325792509526,0.9261500713923673,0.15500735491514206,19.95405673980713
3,384,94,0.0002,0.07366689046223958,21.41065851847331,0.9011457647042707,0.9307179328186113,0.1526329219341278,36.00849366188049
3,384,95,0.0002,0.07276859848449628,21.5472518603007,0.89843418234426,0.9299016563393426,0.15039616512755552,29.71922731399536
3,384,96,0.0002,0.07240648784985144,21.62439839045207,0.9031832434597634,0.9323152916490279,0.14840280450880527,20.67391324043274
3,384,97,0.0002,0.07337771418193977,21.46023162206014,0.9006354332078796,0.9308064520305487,0.15136415200928846,45.81099057197571
3,384,98,0.0002,0.07259444488833348,21.59199571609497,0.9019840644719851,0.9329110723871298,0.14928214997053146,41.82999396324158
3,384,99,0.0002,0.07718007235477368,21.039685885111492,0.8939664668748742,0.9264999431858677,0.15736871088544527,22.51421570777893
3,384,100,0.0002,0.07537725598861773,21.28170331319173,0.8945932305723341,0.9282918504515463,0.1525146992256244,19.811306476593018
3,384,101,0.0002,0.0758621118341883,21.132373174031574,0.8954566825661595,0.9281410299680708,0.15789524589975676,20.961413145065308
3,384,102,0.0002,0.07498166399697463,21.193984031677246,0.8946579050847104,0.9270889004150615,0.15449040941894054,22.004918813705444
3,384,103,0.0002,0.07612139048675697,21.095155715942383,0.8932217489921279,0.923604720461202,0.15727069973945618,20.14714241027832
3,384,104,0.0002,0.07301903640230496,21.562944412231445,0.8986158899519078,0.9295398846449846,0.14928292172650495,20.090766429901123
3,384,105,0.0002,0.07421938143670559,21.320947011311848,0.8966435282618432,0.928081079458417,0.15418116375803947,21.35715365409851
3,384,106,0.0002,0.07335553814967473,21.511433919270832,0.9003154236378609,0.9305426816302939,0.14938433033724627,22.310431957244873
3,384,107,0.0002,0.07451351173222065,21.328668276468914,0.898895805663899,0.9298464966947048,0.1517726598928372,20.584934949874878
3,384,108,0.0002,0.07411674906810124,21.41478967666626,0.8982466658168863,0.929111847843826,0.14987572468817234,20.434398889541626
3,384,109,0.0002,0.072661394563814,21.554251352945965,0.9016797637751699,0.9322631719244566,0.15156171346704164,21.138838529586792
3,384,110,0.0002,0.07251996888468663,21.70134989420573,0.9040307623543363,0.9349149167330516,0.14853913988918066,20.8289577960968
3,384,111,0.0002,0.07176616322249174,21.678185145060223,0.9025790297186537,0.9331689573843484,0.1486469997713963,20.62165665626526
3,384,112,0.0002,0.07405848118166129,21.373963356018066,0.8979512456364563,0.9305129726407985,0.15450434138377508,20.457387685775757
3,384,113,0.0002,0.07491959445178509,21.304055372873943,0.8960356140248206,0.928268498223552,0.15413342416286469,20.774433851242065
3,384,114,0.0002,0.07762615413715442,21.0651756922404,0.892648987924257,0.9245143303642438,0.15510288625955582,22.586890935897827
3,384,115,0.0002,0.07310339001317818,21.590917587280273,0.9022330264259842,0.93296923142481,0.1484846385816733,20.570374727249146
3,384,116,0.0002,0.07346921569357316,21.47276258468628,0.9002245262080427,0.9303092812203636,0.15386799288292727,21.810551404953003
3,384,117,0.0002,0.07400440393636624,21.427486260732014,0.9016387632048602,0.9295335437197475,0.15060668252408504,21.756267070770264
3,384,118,0.0002,0.07512345910072327,21.322486877441406,0.8975109240068853,0.9289229432041618,0.15200390418370566,21.346272945404053
3,384,119,0.0002,0.0736129352202018,21.609896977742512,0.899371721529207,0.9313538390178095,0.14895837008953094,23.644898653030396
3,384,120,0.0002,0.07302846231808265,21.598722616831463,0.9003069492361259,0.9314392897649367,0.1530137782295545,33.12804365158081
4,448,1,0.00015,0.07653949409723282,21.099514643351238,0.894375990443505,0.9218122241313107,0.16517688184976578,33.60011410713196
4,448,2,0.00015,0.07723881055911382,21.0767339070638,0.8934634910638571,0.9224027806402295,0.1638605162501335,21.275400638580322
4,448,3,0.00015,0.07641207948327064,21.203359095255532,0.8959210259585277,0.9262429838554108,0.1613861416776975,21.83162236213684
4,448,4,0.00015,0.076096178094546,21.17376454671224,0.8977147251005738,0.9244097466275993,0.1623942032456398,22.167535543441772
4,448,5,0.00015,0.07715110182762146,21.0902712504069,0.8949252697448993,0.9225895181227476,0.16570722659428913,23.734925270080566
4,448,6,0.00015,0.07699737921357155,21.149877548217773,0.8966493940910908,0.9234989597491506,0.16178719053665797,22.5057954788208
4,448,7,0.00015,0.07628963192303975,21.191252009073892,0.8969720853378264,0.9255573901424018,0.16294643580913543,22.238418579101562
4,448,8,0.00015,0.0759688285489877,21.2563835144043,0.8965293598941895,0.925131308789153,0.16512535959482194,23.10741877555847
4,448,9,0.00015,0.07666639958818754,21.114595158894858,0.8952259184488882,0.9255420745851258,0.1653657764196396,21.178064346313477
4,448,10,0.00015,0.07616225729386011,21.26486307779948,0.8981354400710144,0.9271438577037394,0.1607666591803233,21.580327033996582
4,448,11,0.00015,0.07778191144267718,20.99170201619466,0.895388119460446,0.9238031114258013,0.16748942931493124,22.102203130722046
4,448,12,0.00015,0.07737859065334002,20.96498680114746,0.8937053885452454,0.9195881694772025,0.16560758848985035,20.723480939865112
4,448,13,0.00015,0.076846860597531,21.089745330810548,0.8966128559709428,0.9227492366817791,0.16417877475420634,20.983703136444092
4,448,14,0.00015,0.07596660107374191,21.233359400431315,0.8947886487220291,0.921987635063804,0.16470053444306057,23.045772790908813
4,448,15,0.00015,0.07868198479215303,20.892082087198894,0.8944651389876029,0.9214008427444519,0.16642362823088963,21.51616644859314
4,448,16,0.00015,0.07532327100634575,21.213316853841146,0.8990442215625722,0.9276919442213579,0.16302598317464193,22.09260654449463
4,448,17,0.00015,0.07294499253233273,21.540376154581704,0.9036274592934165,0.9306844884362236,0.15779712051153183,22.78375506401062
4,448,18,0.00015,0.07596407905220985,21.132618204752603,0.8982307237547434,0.9259029876603038,0.1626331776380539,21.94304370880127
4,448,19,0.00015,0.07573399593432745,21.22139638264974,0.8997953615631759,0.9267308051614432,0.16218769699335098,21.327093362808228
4,448,20,0.00015,0.07490135406454404,21.353404108683268,0.8994593037391458,0.9284534397188235,0.16183803031841915,43.122679233551025
4,448,21,0.00015,0.0761684166888396,21.21446050008138,0.8983320714596567,0.9259445833610926,0.16262171963850658,47.467711448669434
4,448,22,0.00015,0.07533852681517601,21.222513071695964,0.8978644493344903,0.9274836909292666,0.16465751230716705,51.72069215774536
4,448,23,0.00015,0.07665880595644316,21.0976505279541,0.8967101454337617,0.9246687380440758,0.1635636473695437,53.39591097831726
4,448,24,0.00015,0.07608112419644991,21.15975456237793,0.897387150377367,0.9246175741075097,0.16272301723559698,32.44552826881409
4,448,25,0.00015,0.07627619405587514,21.17724723815918,0.8958958205824533,0.922942794213941,0.16424943904081982,29.22210955619812
4,448,26,0.00015,0.07714280461271604,21.10583356221517,0.8951424475827019,0.9240089847058914,0.16287374943494798,52.06526041030884
4,448,27,0.00015,0.07829971263806025,20.90364023844401,0.8949339657375013,0.91973531915022,0.16674260199069976,32.194507360458374
4,448,28,0.00015,0.0766537236670653,21.09101765950521,0.8944974848241561,0.9245395263278712,0.16535992324352264,22.97189211845398
4,448,29,0.00015,0.07594898864626884,21.275231552124023,0.8982277650631053,0.9259554869351783,0.16064567466576893,60.962140798568726
4,448,30,0.00015,0.0774211843808492,21.046630986531575,0.8952018833290757,0.925218560010855,0.16491474459568659,44.281190633773804
4,448,31,0.00015,0.07629717240730921,21.189337921142577,0.8958634909225973,0.923705908051068,0.16217519690593082,33.115137815475464
4,448,32,0.00015,0.07511707420150439,21.24883117675781,0.8992527434706219,0.9257034925397711,0.1610127444068591,26.3026020526886
4,448,33,0.00015,0.07702987318237622,21.012541198730467,0.8925482730598078,0.9224366831713752,0.16457076817750932,27.230684518814087
4,448,34,0.00015,0.0782218744357427,20.90675303141276,0.8939575328702974,0.926414590515916,0.16514839579661686,42.164963483810425
4,448,35,0.00015,0.07735879669586818,21.020962524414063,0.8957693960097434,0.92531281599115,0.1638552228609721,26.259483814239502
4,448,36,0.00015,0.07481979032357534,21.24201914469401,0.8998461879175496,0.9262134924445976,0.1624861940741539,29.0857675075531
4,448,37,0.00015,0.07727832421660423,20.995289103190103,0.8939502407783403,0.9220871173115984,0.16305460035800934,23.368974447250366
4,448,38,0.00015,0.07595486640930176,21.185253016153972,0.8985808689279767,0.924942774527846,0.16268765876690547,23.088824033737183
4,448,39,0.00015,0.07540627866983414,21.251855214436848,0.8986833201818872,0.9262007262439875,0.16274593224128087,21.755700826644897
4,448,40,0.00015,0.07812261010209719,20.965001805623373,0.8926747276450749,0.9215512886804719,0.16559468060731888,21.029857635498047
4,448,41,0.00015,0.07632229452331861,21.197289148966473,0.8956054100069952,0.9265572579864492,0.16195110032955806,20.576847076416016
4,448,42,0.00015,0.07731667856375377,21.014012400309245,0.8980743601163222,0.923723687949697,0.1638465772072474,21.71646475791931
4,448,43,0.00015,0.07561900938550631,21.157506688435873,0.8976582326881142,0.9253117492973364,0.16383157869180043,21.773150205612183
4,448,44,0.00015,0.07521719088157018,21.24867337544759,0.8994559572456756,0.9259459690325482,0.16522334516048431,23.34923791885376
4,448,45,0.00015,0.07795319010814031,20.949303309122723,0.893990474636062,0.9219502073475139,0.168088099360466,21.936443328857422
4,448,46,0.00015,0.07641315708557765,21.096605173746745,0.898424930036288,0.9270817720662641,0.16729593525330225,21.965819358825684
4,448,47,0.00015,0.0759760819375515,21.155098724365235,0.8951555472417722,0.9250207456473484,0.16297354300816855,21.83248257637024
4,448,48,0.00015,0.07671134745081266,21.074665832519532,0.8946573675623771,0.9239552071509018,0.1647809401154518,24.06173801422119
4,448,49,0.00015,0.0759629304210345,21.14266675313314,0.8958527747603638,0.9247289372571952,0.16680416315793992,21.56264328956604
4,448,50,0.00015,0.0753414069612821,21.156116612752278,0.8958379607783364,0.923016437239164,0.1649966225028038,23.145585536956787
4,448,51,0.00015,0.07569149608413378,21.202070490519205,0.9002129038546585,0.9271205500559391,0.16361826260884602,21.328570127487183
4,448,52,0.00015,0.07478075300653776,21.24867362976074,0.9007440762108558,0.9292974845176398,0.16724834988514584,21.759369134902954
4,448,53,0.00015,0.07899558295806249,20.82857920328776,0.8889731421295849,0.9207168362895737,0.16902974347273508,21.816304683685303
4,448,54,0.00015,0.07790253584583601,20.899395116170247,0.8919692711266343,0.9230660450740209,0.16866896053155264,22.333319187164307
4,448,55,0.00015,0.07474980130791664,21.37303009033203,0.9000356169847297,0.9278089035703592,0.1608772357304891,21.5414400100708
4,448,56,0.00015,0.07593416397770246,21.206438700358074,0.8995514613151241,0.9265453530315267,0.16159722805023194,22.96479630470276
4,448,57,0.00015,0.07633403887351355,21.109464391072592,0.8972333528468169,0.9248116872383417,0.1625935286283493,20.580639839172363
4,448,58,0.00015,0.07484921937187512,21.298146692911782,0.9001393386072333,0.9287131728026209,0.1613491843144099,39.71635103225708
4,448,59,0.00015,0.07495463316639264,21.340126927693685,0.9009949249714151,0.9287356922457207,0.16071436901887257,42.066514015197754
4,448,60,0.00015,0.07793450802564621,20.953184000651042,0.8942104752044157,0.9251686856704103,0.16743663996458052,37.66288208961487
4,448,61,0.00015,0.07800351878007253,20.93362375895182,0.8941392761956121,0.9227191392908587,0.16501922408739725,26.75711178779602
4,448,62,0.00015,0.07558387244741122,21.181162897745768,0.8955250870175121,0.9220007140957116,0.16220731486876805,27.187613248825073
4,448,63,0.00015,0.07679107387860616,21.077141698201498,0.8938685509693959,0.9208192995351451,0.1634339675307274,34.66869759559631
4,448,64,0.00015,0.07725307792425155,21.053220494588217,0.8960654696749409,0.9250943155480392,0.16256214578946432,27.542021989822388
4,448,65,0.00015,0.07594371289014816,21.199943669637044,0.9032648826366843,0.9315010258870958,0.16133874555428823,30.943846702575684
4,448,66,0.00015,0.07520580713947614,21.324448776245116,0.8995590399629783,0.9310042538944324,0.16084768126408258,21.47801661491394
4,448,67,0.00015,0.07747827221949895,21.032106526692708,0.8945417366302743,0.9247230549952207,0.1628617137670517,38.06947660446167
4,448,68,0.00015,0.07611955230434736,21.167554346720376,0.8973090305829748,0.9256008414981786,0.1632577801744143,21.276118516921997
4,448,69,0.00015,0.07604473481575648,21.17686589558919,0.8983076591637875,0.9270670909545156,0.1624327267209689,25.51786756515503
4,448,70,0.00015,0.07535570710897446,21.38797098795573,0.8991282806213218,0.9284219880457335,0.1592638353506724,24.885331630706787
4,448,71,0.00015,0.07469128196438153,21.274827575683595,0.9013439841898625,0.9288219044579733,0.16281371762355168,34.94298219680786
4,448,72,0.00015,0.07416649361451468,21.49484494527181,0.9018428510105676,0.9315172787327791,0.1582173228263855,34.1703314781189
4,448,73,0.00015,0.07670600761969884,21.077369181315103,0.8955468097614171,0.922367844688514,0.16577487190564474,26.090721607208252
4,448,74,0.00015,0.07527315815289816,21.257833607991536,0.9020065040938025,0.9298934809843767,0.162955138583978,36.44146370887756
4,448,75,0.00015,0.08010658795634905,20.86678721110026,0.8919336903984406,0.9252462690126403,0.16575347930192946,46.19982933998108
4,448,76,0.00015,0.07679936016599337,21.062929534912108,0.8967472093986103,0.9262560833302554,0.1646994118889173,38.60650587081909
4,448,77,0.00015,0.07824321637550989,20.988357925415038,0.8921588528897867,0.9228299713317017,0.16519771466652552,21.45427656173706
4,448,78,0.00015,0.07739595174789429,21.01261177062988,0.8957374971393413,0.9254588387075443,0.16591350187857945,39.45216155052185
4,448,79,0.00015,0.0750736117362976,21.249365107218424,0.8996978717841639,0.9277201884649405,0.16216865281263987,37.619893074035645
4,448,80,0.00015,0.07518451064825057,21.27028694152832,0.9006101945780526,0.9272909972421053,0.16180155624945958,31.870450019836426
4,448,81,0.00015,0.07579296578963597,21.231443786621092,0.8982321795082396,0.929069222581726,0.1625301033258438,21.24291157722473
4,448,82,0.00015,0.0737614574531714,21.41674461364746,0.9009386452870591,0.9291256556912229,0.1602781688173612,22.010655879974365
4,448,83,0.00015,0.07554294516642888,21.132876841227212,0.8976377431501233,0.9271416221783001,0.16593263447284698,22.117845058441162
4,448,84,0.00015,0.07429435228308041,21.466863123575845,0.9005735404160393,0.9307354941570603,0.16152313301960627,21.84778618812561
4,448,85,0.00015,0.07924853563308716,20.907026926676433,0.8919466453955519,0.923145395797766,0.16651811202367148,21.14126706123352
4,448,86,0.00015,0.07588198135296503,21.2277530670166,0.8980664542814013,0.926237584356392,0.16148343036572138,23.513975620269775
4,448,87,0.00015,0.07338123694062233,21.527080535888672,0.9017002040837586,0.9302012218173054,0.1589305301507314,21.295578956604004
4,448,88,0.00015,0.07563938920696577,21.199109903971355,0.8998994572882456,0.9264101228453193,0.1612296273310979,23.28677535057068
4,448,89,0.00015,0.07625593294699987,21.10221684773763,0.8951830275591088,0.9225011485077467,0.16378634373346965,23.73031210899353
4,448,90,0.00015,0.07757363443573316,21.04171994527181,0.8958001884972826,0.9249203047676795,0.16309006363153458,21.74352240562439
4,448,91,0.00015,0.07551018918553988,21.27591044108073,0.8994919738657117,0.9291587206372611,0.15962996929883957,21.765995979309082
4,448,92,0.00015,0.07405645698308945,21.407708104451498,0.9008648715482513,0.9290320370011397,0.1594912514090538,21.044256687164307
4,448,93,0.00015,0.07491327822208405,21.294919713338217,0.9006472060737533,0.9276604330583332,0.15984654972950618,23.842617988586426
4,448,94,0.00015,0.0746049277484417,21.328411483764647,0.9013277453408304,0.9294332035003836,0.16089059958855312,21.17865800857544
4,448,95,0.00015,0.07476403539379438,21.300085067749023,0.9011146737276061,0.9294877774764175,0.1623256390293439,21.60048508644104
4,448,96,0.00015,0.07544369498888652,21.3417179107666,0.8997722222766537,0.9294709362690469,0.15919814159472784,22.01365375518799
4,448,97,0.00015,0.07801407277584076,20.94350420633952,0.8926820548180616,0.9233175052511349,0.16712917536497116,22.956053018569946
4,448,98,0.00015,0.07705635378758112,21.031872685750326,0.8960065173637392,0.9250938545508613,0.1655640368660291,21.629937887191772
4,448,99,0.00015,0.07522343968351682,21.309724680582683,0.9005552430281012,0.9286133581669953,0.1593454266587893,24.1574604511261
4,448,100,0.00015,0.07771381586790085,21.003613662719726,0.8943800617185238,0.9215076602002295,0.16497670114040375,23.652011394500732
4,448,101,0.00015,0.07641650661826134,21.072591272989907,0.8971941069051673,0.9263489975183644,0.16360313296318055,42.51923084259033
4,448,102,0.00015,0.07764267375071844,21.12590103149414,0.8967430185244429,0.927047803929669,0.16238036900758743,23.73938512802124
4,448,103,0.00015,0.07791707689563433,20.91432507832845,0.8963898029637217,0.9238172772444314,0.17078154981136323,29.09697961807251
4,448,104,0.00015,0.07400288706024488,21.45632692972819,0.9021244512122373,0.9294508726510148,0.16195881217718125,42.71859097480774
4,448,105,0.00015,0.07539759154121081,21.345448811848957,0.899805347715301,0.9284682433489796,0.15859903792540234,27.502952337265015
4,448,106,0.00015,0.07639590303103129,21.11951649983724,0.8978813768956232,0.9267227349902394,0.1647773732741674,36.87836956977844
4,448,107,0.00015,0.0768775150179863,21.159631474812826,0.8962993095274501,0.9263249916137981,0.16545822272698085,45.30972337722778
4,448,108,0.00015,0.07632068941990534,21.172248331705728,0.8965392927803111,0.9260948235993884,0.16579151451587676,41.129799365997314
4,448,109,0.00015,0.07580059642593066,21.20728276570638,0.8982226152466751,0.9253763496739743,0.16444203952948253,21.65235710144043
4,448,110,0.00015,0.07611074348290761,21.138585154215495,0.8976084083952405,0.9256175383892552,0.1625001514951388,21.119707107543945
4,448,111,0.00015,0.07657434393962224,21.132225799560548,0.8957272257812928,0.924597820272503,0.16334378470977148,21.7285315990448
4,448,112,0.00015,0.07718161096175512,21.00860341389974,0.8945209868618318,0.9240017203968992,0.16763581931591034,23.545011520385742
4,448,113,0.00015,0.07456761375069618,21.364002227783203,0.8994823335374079,0.928716472098629,0.16027389218409857,22.438183307647705
4,448,114,0.00015,0.07682879914840063,21.1204953511556,0.8964105870878629,0.9255785297105563,0.16490690608819325,22.233595609664917
4,448,115,0.00015,0.0753508947789669,21.229161961873373,0.8982556585834421,0.9273085315334683,0.16284041305383046,20.70137119293213
4,448,116,0.00015,0.07751444851358731,21.056374486287435,0.8995589260018831,0.9279278504385096,0.16578397005796433,21.558897495269775
4,448,117,0.00015,0.0737871691584587,21.43062909444173,0.9059366075202067,0.9339215388509129,0.16038442899783453,23.809752702713013
4,448,118,0.00015,0.0764386830230554,21.074397150675455,0.8957185129591553,0.9244284947862036,0.16237259904543558,21.329188108444214
4,448,119,0.00015,0.07714913412928581,21.1549072265625,0.8967021027355185,0.926275223204634,0.16189723163843156,21.447188138961792
4,448,120,0.00015,0.0785822572807471,20.91100222269694,0.8924190104402683,0.9228936041408397,0.16662683685620625,21.503870487213135
5,512,1,0.0001,0.07785824378547461,20.936888902083687,0.892101475930484,0.922251646220863,0.16746313157288925,25.504335403442383
5,512,2,0.0001,0.07779931374218153,21.105448598447055,0.894775658740555,0.9273182547882012,0.16431677827368613,23.60028576850891
5,512,3,0.0001,0.07745881070909293,20.968208064203676,0.8979971895453055,0.9252746379511538,0.17096965662811114,23.290777444839478
5,512,4,0.0001,0.07515765046295912,21.214280252871305,0.8985756747308359,0.9265665639213904,0.1651486274988755,24.191115856170654
5,512,5,0.0001,0.07711132648198502,21.018034230107848,0.8943278220546851,0.9243149246773147,0.16558936853771625,52.33057403564453
5,512,6,0.0001,0.0808800473485304,20.551553394483484,0.8908158522325962,0.9207328356931583,0.17392483645159265,43.706228494644165
5,512,7,0.0001,0.07545064729840859,21.227415997049082,0.9012330544502021,0.929872275414889,0.16304201308799826,24.1356680393219
5,512,8,0.0001,0.07509517264754875,21.241334417591926,0.8990254943366641,0.9277628061842883,0.16240649864725445,47.61179065704346
5,512,9,0.0001,0.0768506267796392,21.08336647697117,0.8979359280068028,0.9262029733247823,0.16561991235484247,23.663177251815796
5,512,10,0.0001,0.07473759822871374,21.37248072416886,0.9022066954476585,0.9332041405852466,0.16175288156322812,24.822158098220825
5,512,11,0.0001,0.07764592620989551,20.876300231270168,0.9012494742804974,0.9281800338549607,0.1678596767394439,22.804622173309326
5,512,12,0.0001,0.07969845993363339,20.758560844089676,0.8923336304913178,0.9236333360967505,0.17039410931908566,22.882288932800293
5,512,13,0.0001,0.07864892256000768,20.83366526728091,0.8952023460136134,0.9234486811443388,0.17111660669679227,25.161824464797974
5,512,14,0.0001,0.07643947474982428,21.187909499458645,0.8964281783799926,0.928956324258367,0.16507813820372458,23.251147985458374
5,512,15,0.0001,0.0783071589210759,20.953653169714887,0.8947662216401548,0.924826614549172,0.16767283334680225,23.96927499771118
5,512,16,0.0001,0.07666453881108243,20.993009567260742,0.8983206117148105,0.9276966506979981,0.1715082211986832,24.337971925735474
5,512,17,0.0001,0.0798323397403178,20.715151413627293,0.8909985749549965,0.9208378347044082,0.16973167657852173,24.21875023841858
5,512,18,0.0001,0.07421972051910732,21.3746280670166,0.9024422952286513,0.9334826071425152,0.16333807842886966,24.689794778823853
5,512,19,0.0001,0.07840527918027795,20.928618223770805,0.8945345448306083,0.9264253927279751,0.17020869481822717,23.19472885131836
5,512,20,0.0001,0.07871912322614504,20.872196114581563,0.893378160343409,0.92462795013421,0.16925008400626804,22.91575527191162
5,512,21,0.0001,0.07535659408439761,21.310519259908926,0.8998693354769572,0.9313759929871371,0.1651122955524403,23.92171311378479
5,512,22,0.0001,0.07651247602442036,21.036340630572774,0.8992320388314966,0.9289727408731542,0.170090746620427,24.41568112373352
5,512,23,0.0001,0.07665331548322803,21.089872691942297,0.8984636394832918,0.9269586658586203,0.1681028999712156,23.151596784591675
5,512,24,0.0001,0.07881737630004468,20.935959691586703,0.89235894713905,0.9256189899632882,0.16721129935720694,29.956868410110474
5,512,25,0.0001,0.07630080130437146,21.222337225209113,0.89808411920116,0.9285458600594739,0.16432802346737488,31.58042597770691
5,512,26,0.0001,0.07988577044528464,20.672347773676332,0.8903433845134543,0.9236776564040801,0.17060902973879938,24.006471395492554
5,512,27,0.0001,0.07593464851379395,21.16334342956543,0.8989708233764889,0.9276734999910958,0.16573969955029694,38.50406622886658
5,512,28,0.0001,0.07799310982227325,20.90943361365277,0.8956955634039498,0.9234603160273739,0.16722186946350595,28.07574439048767
5,512,29,0.0001,0.07594150547748027,21.147592129914656,0.8983937203505543,0.9271126448446046,0.16588466582090958,35.10310697555542
5,512,30,0.0001,0.076089758425951,21.107651751974355,0.8983148323521156,0.9270012051591118,0.1654929366448651,30.60525631904602
5,512,31,0.0001,0.07825102154975352,20.876687671827234,0.8960131765187491,0.9267632173261874,0.16923578828573227,40.60114502906799
5,512,32,0.0001,0.07972950715085735,20.736719131469727,0.8903703701837244,0.9219130740069256,0.17032399320084116,63.398027181625366
5,512,33,0.0001,0.07769513486520103,20.87750069991402,0.8959784192076927,0.9233852919567643,0.16930215708587482,32.87616991996765
5,512,34,0.0001,0.07707939264567001,20.98234516641368,0.8960593486445837,0.9261576963625922,0.16803101255841876,43.26485729217529
5,512,35,0.0001,0.07946195987903554,20.764777888422426,0.8912362992091865,0.9223105381391931,0.1703412940968638,23.44614338874817
5,512,36,0.0001,0.0783398852724096,20.942987110303797,0.8936354652206648,0.9243383124420125,0.1691854874724927,34.44475793838501
5,512,37,0.0001,0.07719842166356418,21.005389255026113,0.8968881852234583,0.9278064954835975,0.16726180004036945,45.801642179489136
5,512,38,0.0001,0.07786309492328893,20.903380933015242,0.8990948047120905,0.9245115883108757,0.16893871906011002,23.761417865753174
5,512,39,0.0001,0.08068227249643077,20.595434520555578,0.888829831586816,0.9201273261239183,0.17168827905603076,23.497787714004517
5,512,40,0.0001,0.08016593074021132,20.694234930950664,0.8930048809552177,0.9231533077931274,0.16963793078194495,47.38935971260071
5,512,41,0.0001,0.07645571280432784,21.1279704881751,0.8977536807989496,0.9271940704677498,0.16512401920297873,27.53218126296997
5,512,42,0.0001,0.078717024753923,20.809085763019063,0.8963126827309926,0.925329826737989,0.17041329488806103,25.06059718132019
5,512,43,0.0001,0.07829267693602521,20.918136596679688,0.8955777080305639,0.9241601336800954,0.16659981886977734,39.3003888130188
5,512,44,0.0001,0.08055017078700273,20.636859230373215,0.8917699516194055,0.9235288841659482,0.17404780990403632,24.222995281219482
5,512,45,0.0001,0.0778563252609709,20.975154130355172,0.8961330476994079,0.9253112133981489,0.16526555593894876,24.071898221969604
5,512,46,0.0001,0.0758231402091358,21.193192689315133,0.8978379755891265,0.9260556312217798,0.16441311719624893,24.085570812225342
5,512,47,0.0001,0.07837094998230106,20.936049005259637,0.8944528169946596,0.9247476462178825,0.16814617099969284,23.777389764785767
5,512,48,0.0001,0.07810868371440016,21.045593427575152,0.8970230082079362,0.9274689236453189,0.166263691433098,24.9298152923584
5,512,49,0.0001,0.08104026787306952,20.58849459109099,0.8898125723806614,0.9231490720448071,0.17322157355754272,23.321463584899902
5,512,50,0.0001,0.0784295023135517,20.872744187064793,0.8948983858467422,0.9260395618220112,0.1698380585597909,22.7784104347229
5,512,51,0.0001,0.07884590975616289,20.765994610993758,0.8935960746150747,0.9224526171127367,0.17323872965315115,24.46920394897461
5,512,52,0.0001,0.07990983339107555,20.709313185318656,0.8931169284144637,0.9225120854482849,0.1735736053922902,24.79866862297058
5,512,53,0.0001,0.07826061384833377,20.81485781462296,0.8953152499077378,0.9269993434105454,0.17161806122116421,24.27281880378723
5,512,54,0.0001,0.07966470588808475,20.66503848200259,0.8959441996887666,0.9226426710825062,0.17354363948106766,23.68844747543335
5,512,55,0.0001,0.07634093547644823,21.099888594254203,0.8970660032725811,0.9286536357643018,0.16865778908781384,23.732358932495117
5,512,56,0.0001,0.07636383807529575,21.11200340934422,0.8963525355892287,0.925410988554535,0.16680089837831,23.1911563873291
5,512,57,0.0001,0.07602435026479804,21.11969110240107,0.8967991628389215,0.9271607549880273,0.16565391745256342,24.723641872406006
5,512,58,0.0001,0.07674509627015694,21.068591573963996,0.8959663604894755,0.925215936143352,0.16613174553798593,24.350273370742798
5,512,59,0.0001,0.07611107000190279,21.158741743668266,0.8991722830973792,0.928926867376476,0.16519801221463992,25.643413543701172
5,512,60,0.0001,0.07958969587217206,20.74699982352879,0.8938904046635168,0.9221710363894343,0.17120351901520853,30.1514995098114
5,512,61,0.0001,0.07627464458346367,21.110356455263883,0.9010711959870968,0.9299354259028907,0.16640565609154495,27.908437728881836
5,512,62,0.0001,0.07953038520139197,20.74362564086914,0.891684998715634,0.9219970708256379,0.17350854368313498,28.77794313430786
5,512,63,0.0001,0.07695182558635007,21.11567265054454,0.8968039876582943,0.9270744314084459,0.16537035127048907,33.2931182384491
5,512,64,0.0001,0.07881942537167798,20.815705506697945,0.8976743739519581,0.9278992165426277,0.17085254581078238,29.558279514312744
5,512,65,0.0001,0.0800224315860997,20.74354536637016,0.8895593755829269,0.9206886493165267,0.17182191104992575,33.34801506996155
5,512,66,0.0001,0.07923049852252007,20.867768826692,0.8965034433727738,0.9262317220115659,0.17047254158102948,37.77130198478699
5,512,67,0.0001,0.07710630381884782,21.067371534264606,0.8984957721042991,0.9254198457596542,0.16660386809836264,24.624910354614258
5,512,68,0.0001,0.07826420000713805,20.9337566209876,0.895862416603366,0.9251292412919342,0.1705945399792298,32.3514084815979
5,512,69,0.0001,0.07890667847317198,20.86945268382197,0.8964528045729775,0.9238364401670094,0.16625959750102914,38.103989601135254
5,512,70,0.0001,0.0784507520172907,20.877532793127973,0.8962882497461157,0.9262220946349558,0.16938450802927432,46.753016233444214
5,512,71,0.0001,0.08026064333060513,20.805924291196078,0.8974018352744085,0.9257791507372578,0.16807504387005515,22.819979429244995
5,512,72,0.0001,0.07703849802846494,21.00383418539296,0.9007700639303386,0.9319749791724348,0.1666547827746557,32.67820429801941
5,512,73,0.0001,0.07888678995811421,20.86993938943614,0.8950858231551421,0.9263281322471054,0.16740283791137778,24.79057240486145
5,512,74,0.0001,0.07808292462773946,20.877990639728047,0.8987848412884591,0.9304050247324386,0.16869753890711328,35.58396887779236
5,512,75,0.0001,0.07658065887896912,21.0635171973187,0.89863167848872,0.9283591924406462,0.1655562335382337,30.353114128112793
5,512,76,0.0001,0.0804220807293187,20.581976766171664,0.890065270785431,0.920725521618354,0.1740359340025031,25.309357166290283
5,512,77,0.0001,0.07658035713045494,21.1188674595045,0.9001757836416412,0.9287909799350793,0.16386036412871402,27.78452968597412
5,512,78,0.0001,0.07459118557365044,21.267592969148055,0.9023481770410424,0.9295858769302986,0.16437830549219382,33.19952964782715
5,512,79,0.0001,0.08246068494475406,20.416687675144363,0.8917393063991549,0.9190888029019854,0.17671601895404898,38.109135389328
5,512,80,0.0001,0.07982801872750987,20.743741408638332,0.8929673682361697,0.9272201208253479,0.17010033130645752,24.01551365852356
5,512,81,0.0001,0.0773917595329492,20.964592643406082,0.8976375966478757,0.9273226289600696,0.16699039158613785,34.210612058639526
5,512,82,0.0001,0.07448885929973229,21.30165382053541,0.9013338391133795,0.9306782448512894,0.16169935302889865,49.45953392982483
5,512,83,0.0001,0.07814706894366638,20.915744864422344,0.8973218304568512,0.9249155982448081,0.166983300253101,28.529433250427246
5,512,84,0.0001,0.08285518768041031,20.402396243551504,0.8920732512836965,0.9204986654073405,0.177495281657447,23.29682469367981
5,512,85,0.0001,0.07767180450584578,21.036979426508363,0.8995744962586878,0.9320885069765853,0.16613316892281824,29.580121278762817
5,512,86,0.0001,0.08015224985454393,20.696908536164656,0.8958038847612456,0.928580244098862,0.17022359986668048,22.449374675750732
5,512,87,0.0001,0.07961840717040974,20.77628119095512,0.8941380573237505,0.923129896946376,0.16915964043658713,37.98915910720825
5,512,88,0.0001,0.0785613382316154,20.89021558346956,0.897953361336431,0.9253720996494417,0.16807374746903128,30.588626384735107
5,512,89,0.0001,0.0773742833863134,21.057468082593836,0.9013845400638211,0.9303079808993298,0.16659749785195227,23.88282608985901
5,512,90,0.0001,0.07774579363024753,20.919749301412832,0.8962760572607362,0.9257567219280417,0.16910879767459372,34.73246169090271
5,512,91,0.0001,0.07746814693445744,20.9595134569251,0.8984146070428546,0.9266880078872726,0.1695370275689208,32.0543372631073
5,512,92,0.0001,0.07720214355251064,20.98499654686969,0.8972908737195204,0.9274431208427597,0.1673624476660853,25.302725553512573
5,512,93,0.0001,0.0791653216533039,20.83553123474121,0.8958856956205794,0.9233165773875153,0.16658067379308783,28.318910598754883
5,512,94,0.0001,0.08034037361326425,20.754182649695355,0.8921550546591913,0.9211585533800146,0.16710195593211963,34.324663162231445
5,512,95,0.0001,0.07963250561252884,20.858003616333008,0.8970948662544938,0.9264550388586303,0.17131217893051065,80.23555326461792
5,512,96,0.0001,0.07711286211143369,21.053209056024965,0.8962851961255578,0.9270863002456423,0.16682825885389163,44.48822903633118
5,512,97,0.0001,0.07850336801746617,20.87911075094472,0.8980759581044773,0.9257470818127242,0.16731230687835943,27.835333824157715
5,512,98,0.0001,0.07537571697131447,21.22780758401622,0.9017776458106468,0.9313279480679022,0.16502135117416797,32.44730257987976
5,512,99,0.0001,0.08030052807020105,20.832590683646824,0.8949851884242175,0.9256358447694122,0.16979251413241678,30.087098598480225
5,512,100,0.0001,0.0774977476052616,21.04521958724312,0.8974645829706133,0.9299513761989356,0.1665883073988168,29.789334535598755
5,512,101,0.0001,0.07815373867102292,20.95308594081713,0.8971442193654735,0.9262417994637743,0.16716834708400394,29.804959297180176
5,512,102,0.0001,0.07698253250640372,21.058277213055156,0.9000001973278466,0.9299659802661411,0.16501766475646393,57.866302251815796
5,512,103,0.0001,0.07486881234723589,21.41254010407821,0.9010625984063662,0.9322702977385929,0.15968508500119913,23.641393423080444
5,512,104,0.0001,0.07821715736518735,20.840890884399414,0.8947998803239112,0.9252613141995623,0.17188806183960126,35.274967670440674
5,512,105,0.0001,0.07553099403562753,21.183072463325832,0.900035737813813,0.9285872241912138,0.16441805725512298,32.50060772895813
5,512,106,0.0001,0.07601009827593098,21.114880022795305,0.9000600090052073,0.9292822093443702,0.1655581272814585,24.83468770980835
5,512,107,0.0001,0.07925896249387575,20.87580390598463,0.8950960809244158,0.9267671056730743,0.16902625398791354,24.802524089813232
5,512,108,0.0001,0.07574762776494026,21.232414162677266,0.9002299437089235,0.9306408159438766,0.16265373936165933,25.910985469818115
5,512,109,0.0001,0.078087969156711,20.975178842959195,0.8957453818768547,0.9281576056430971,0.16701928428981616,25.011331796646118
5,512,110,0.0001,0.07391524363471114,21.408768363620926,0.9052637842334371,0.9331041074957921,0.1585733155193536,23.87750554084778
5,512,111,0.0001,0.07611752900740375,21.189170339833137,0.9000019214296637,0.9304724388664679,0.16539917789075687,23.96834111213684
5,512,112,0.0001,0.07869354619280151,20.92792162687882,0.8973211267222565,0.926203946932326,0.1668943613767624,23.214681148529053
5,512,113,0.0001,0.07849814256896144,20.861348193624746,0.8919831615722122,0.9220938282206907,0.1689421634959138,24.024614572525024
5,512,114,0.0001,0.075410101076831,21.245173329892367,0.9004294384962613,0.9294721733269712,0.16312318781147833,23.34947180747986
5,512,115,0.0001,0.07730417795803236,20.997273901234504,0.8992992302183126,0.9267760067039729,0.1670787966121798,23.758344411849976
5,512,116,0.0001,0.07695955685947252,21.084011907162875,0.8983171063135468,0.9282844974432835,0.16498824370943982,23.191054821014404
5,512,117,0.0001,0.08026689388181853,20.593904412311055,0.8945636590103543,0.9239068520956625,0.17513059338797693,23.770073652267456
5,512,118,0.0001,0.07741169258952141,21.030461933301844,0.8970148129340497,0.9261993091624264,0.16469797751177911,23.23594379425049
5,512,119,0.0001,0.07661366171163062,21.102246491805367,0.9005963667958806,0.9297373988556366,0.1672603951200195,23.97693681716919
5,512,120,0.0001,0.07609796750804652,21.208258670309316,0.900431735559719,0.9289705670252146,0.16284405764030374,24.78547167778015
