stage,crop,epoch,PSNR,SSIM,MS_SSIM,LPIPS,NIQE,UIQM,UCIQE
1,256,20,20.49571132659912,0.8755679486222819,0.9039484536704299,0.1688291331132253,4.497068683131254,302.490856567436,inf
1,256,40,20.82086118062337,0.887895853327003,0.9150718320357797,0.16255649800101915,4.4897791771132445,318.03313235397434,inf
1,256,60,21.057326952616375,0.8904637511784173,0.9181406652469115,0.157827690243721,4.471909710090027,322.1182109689577,inf
1,256,80,21.07806332906087,0.8885970827554946,0.9155975836406394,0.1575143188238144,4.4669357970201125,314.8614055894255,inf
1,256,100,21.335691452026367,0.8936697808035915,0.9206015067445191,0.15425369143486023,4.469229905965932,325.7311888524144,inf
1,256,120,21.37633005777995,0.8929066596102335,0.9221153707246336,0.15547532960772514,4.442317381791798,325.77588440170547,inf
2,320,20,21.20764970779419,0.8904166637745847,0.9172936631542283,0.15860525518655777,3.8369864264667104,298.9634062929256,inf
2,320,40,21.329821586608887,0.8942015465591654,0.9206707775484335,0.15669751726090908,3.844745112159888,301.70661787728943,inf
2,320,60,21.40858817100525,0.8939441295809017,0.92000472642444,0.1567922318354249,3.8390022317827723,302.62096496384265,inf
2,320,80,21.34835386276245,0.8945818657728262,0.9213168613056412,0.15764357708394527,3.8206590401093337,303.9915722610648,inf
2,320,100,21.489750385284424,0.8974326013699437,0.9245684987205193,0.15518942289054394,3.8335882634167207,309.12567719330184,inf
2,320,120,21.382731437683105,0.8957640392971283,0.9240748100714482,0.15569076966494322,3.811674691927752,308.0676461212535,inf
3,384,20,21.366684277852375,0.8957504145408467,0.9262467984653359,0.153900026033322,3.7553163504897706,301.76765481856205,inf
3,384,40,21.25237242380778,0.8982436276410759,0.9273919042033811,0.15409843561549982,3.7633316799252086,304.031212782485,inf
3,384,60,21.472054481506348,0.9007787992143762,0.9313212116746369,0.15315258068343005,3.7602514173646147,309.8332507573252,inf
3,384,80,21.05293623606364,0.8905311497409262,0.9277073273651907,0.15816574854155382,3.742545985612576,303.58454396837493,inf
3,384,100,21.28170331319173,0.8945932305723341,0.9282918504515463,0.1525146992256244,3.754417385545491,302.71887618880146,inf
3,384,120,21.598722616831463,0.9003069492361259,0.9314392897649367,0.1530137782295545,3.74517197649768,315.9052467480118,inf
4,448,20,21.353404108683268,0.8994593037391458,0.9284534397188235,0.16183803031841915,4.028807883023554,289.3321674107905,inf
4,448,40,20.965001805623373,0.8926747276450749,0.9215512886804719,0.16559468060731888,4.054690578184492,274.0926889363633,inf
4,448,60,20.953184000651042,0.8942104752044157,0.9251686856704103,0.16743663996458052,4.045767175129375,280.86448749912023,inf
4,448,80,21.27028694152832,0.9006101945780526,0.9272909972421053,0.16180155624945958,4.046459759998162,284.97774103682343,inf
4,448,100,21.003613662719726,0.8943800617185238,0.9215076602002295,0.16497670114040375,4.05877702901587,272.5613024341768,inf
4,448,120,20.91100222269694,0.8924190104402683,0.9228936041408397,0.16662683685620625,4.042730569212182,275.5730993897235,inf
5,512,20,20.872196114581563,0.893378160343409,0.92462795013421,0.16925008400626804,4.142006484969714,264.8090285968025,inf
5,512,40,20.694234930950664,0.8930048809552177,0.9231533077931274,0.16963793078194495,4.135312122880678,261.4096200340914,inf
5,512,60,20.74699982352879,0.8938904046635168,0.9221710363894343,0.17120351901520853,4.144562376439054,263.1010726738755,inf
5,512,80,20.743741408638332,0.8929673682361697,0.9272201208253479,0.17010033130645752,4.1031775732770575,269.6113065359207,inf
5,512,100,21.04521958724312,0.8974645829706133,0.9299513761989356,0.1665883073988168,4.1149238594217215,276.5006647144379,inf
5,512,120,21.208258670309316,0.900431735559719,0.9289705670252146,0.16284405764030374,4.15040424443284,271.16610563495266,inf
